{
    "accentActive": [
        0.0,
        0.800000011920929,
        0.800000011920929,
        1.0
    ],
    "accentHover": [
        0.10000000149011612,
        1.0,
        1.0,
        1.0
    ],
    "accentPrimary": [
        0.0,
        0.949999988079071,
        0.949999988079071,
        1.0
    ],
    "accentSecondary": [
        0.8999999761581421,
        0.10000000149011612,
        0.5,
        1.0
    ],
    "bgInput": [
        0.15000000596046448,
        0.15000000596046448,
        0.20000000298023224,
        1.0
    ],
    "bgPrimary": [
        0.05000000074505806,
        0.05000000074505806,
        0.10000000149011612,
        1.0
    ],
    "bgSecondary": [
        0.10000000149011612,
        0.10000000149011612,
        0.15000000596046448,
        1.0
    ],
    "bgTertiary": [
        0.15000000596046448,
        0.15000000596046448,
        0.20000000298023224,
        1.0
    ],
    "borderPrimary": [
        0.0,
        0.699999988079071,
        0.699999988079071,
        0.5
    ],
    "borderSecondary": [
        0.8999999761581421,
        0.10000000149011612,
        0.5,
        0.5
    ],
    "borderSize": 1.0,
    "buttonDanger": [
        1.0,
        0.10000000149011612,
        0.4000000059604645,
        0.800000011920929
    ],
    "buttonDisabled": [
        0.4000000059604645,
        0.4000000059604645,
        0.5,
        0.4000000059604645
    ],
    "buttonPrimary": [
        0.0,
        0.699999988079071,
        0.699999988079071,
        0.699999988079071
    ],
    "buttonSecondary": [
        0.8999999761581421,
        0.10000000149011612,
        0.5,
        0.699999988079071
    ],
    "childBorderSize": 1.0,
    "childRounding": 8.0,
    "frameBorderSize": 0.0,
    "framePadding": [
        10.0,
        7.0
    ],
    "frameRounding": 6.0,
    "grabMinSize": 5.0,
    "grabRounding": 6.0,
    "gradientEnd": [
        0.8999999761581421,
        0.10000000149011612,
        0.5,
        0.699999988079071
    ],
    "gradientStart": [
        0.0,
        0.800000011920929,
        0.800000011920929,
        0.699999988079071
    ],
    "itemInnerSpacing": [
        8.0,
        6.0
    ],
    "itemSpacing": [
        12.0,
        8.0
    ],
    "name": "Cyberpunk",
    "playerOthers": [
        0.8999999761581421,
        0.10000000149011612,
        0.5,
        1.0
    ],
    "playerSelf": [
        0.0,
        0.8999999761581421,
        0.8999999761581421,
        1.0
    ],
    "popupRounding": 6.0,
    "scrollbarRounding": 10.0,
    "scrollbarSize": 15.0,
    "statusConnecting": [
        0.8999999761581421,
        0.8999999761581421,
        0.10000000149011612,
        1.0
    ],
    "statusOffline": [
        0.8999999761581421,
        0.10000000149011612,
        0.30000001192092896,
        1.0
    ],
    "statusOnline": [
        0.10000000149011612,
        0.8999999761581421,
        0.5,
        1.0
    ],
    "systemMessage": [
        0.8999999761581421,
        0.8999999761581421,
        0.10000000149011612,
        1.0
    ],
    "tabBorderSize": 0.0,
    "tabRounding": 6.0,
    "textAccent": [
        0.0,
        0.949999988079071,
        0.949999988079071,
        1.0
    ],
    "textError": [
        1.0,
        0.20000000298023224,
        0.5,
        1.0
    ],
    "textPrimary": [
        0.949999988079071,
        0.949999988079071,
        0.949999988079071,
        1.0
    ],
    "textSecondary": [
        0.699999988079071,
        0.699999988079071,
        0.699999988079071,
        1.0
    ],
    "windowPadding": [
        15.0,
        15.0
    ],
    "windowRounding": 12.0
}